hfpxzc href,aoRNLd src
,
https://www.google.com/maps/place/a+bathing+cat%E8%B2%93%E6%AF%9B%E5%BE%88%E5%A4%9A%E7%B4%94%E8%B2%93%E7%BE%8E%E5%AE%B9%E5%B7%A5%E4%BD%9C%E5%AE%A4/data=!4m7!3m6!1s0x34693d72e717fc45:0xdde4bf83f8ceec9b!8m2!3d24.151534!4d120.658313!16s%2Fg%2F11jzkwnynn!19sChIJRfwX53I9aTQRm-zO-IO_5N0?authuser=0&hl=zh-TW&rclk=1,https://lh3.googleusercontent.com/p/AF1QipOnUlVbY_w7EjkkADuiNkC58JBBHyeIT93AtRto=w426-h240-k-no
https://www.google.com/maps/place/%E9%B3%B3%E8%8F%AF%E5%AF%B5%E7%BE%8E%E5%BA%97-%E8%A5%BF%E5%B1%AF%E5%AF%B5%E7%89%A9%E7%BE%8E%E5%AE%B9%7C%E5%AF%B5%E7%89%A9%E9%80%A0%E5%9E%8B%7C%E5%AF%B5%E7%89%A9%E6%B4%97%E6%BE%A1%7C%E7%8B%97%E7%8B%97%E6%B4%97%E6%BE%A1%7C%E5%AF%B5%E7%89%A9%E5%89%83%E6%AF%9B%7C%E7%8B%97%E7%8B%97%E7%BE%8E%E5%AE%B9/data=!4m7!3m6!1s0x34691796ccea94df:0x3b7951b2c15d3bc1!8m2!3d24.1697345!4d120.6626754!16s%2Fg%2F11xly89pqj!19sChIJ35TqzJYXaTQRwTtdwbJReTs?authuser=0&hl=zh-TW&rclk=1,https://lh3.googleusercontent.com/p/AF1QipMHicdb10gZT2Sp9GRKOW0GwnsoFtHvRNrry11D=w408-h510-k-no
https://www.google.com/maps/place/%E6%AF%9B%E5%AD%A9%E6%BE%A1%E6%A8%82%E8%B6%A3%EF%BD%9CFunnyShower%EF%BD%9C%E5%AF%B5%E7%89%A9%E8%87%AA%E5%8A%A9%E6%B4%97%EF%BD%9C/data=!4m7!3m6!1s0x3469174bbb39eaf3:0x2d8a6aa9ad290bea!8m2!3d24.1723437!4d120.6550629!16s%2Fg%2F11j3t4bcn0!19sChIJ8-o5u0sXaTQR6gspralqii0?authuser=0&hl=zh-TW&rclk=1,https://lh3.googleusercontent.com/p/AF1QipNWshprvRnQiW-mx5QxQeFvYVa4GboL0oErdunj=w408-h408-k-no
https://www.google.com/maps/place/%E8%88%92%E6%BE%A1%E5%A0%82%E5%AF%B5%E7%89%A9%E7%BE%8E%E5%AE%B9%E9%99%A2+%28%E9%80%A2%E7%94%B2%E5%BA%97%29/data=!4m7!3m6!1s0x346917b56329503d:0xe760f1bc4cec0191!8m2!3d24.1756461!4d120.6469786!16s%2Fg%2F11q22g46y4!19sChIJPVApY7UXaTQRkQHsTLzxYOc?authuser=0&hl=zh-TW&rclk=1,https://lh3.googleusercontent.com/gps-cs-s/AG0ilSwj25TB1SxoXe0HUF6NAQnlamfVOa-TvqoP7WGqhgZVsYJH2QZvGZ2U5l2fXGbckg-bGOfKFgZsZSZKvHl-auhhXUpZCakpvgrpkhxngJwIXb8KK9PbV5C-kGraFPq1vG5xDBKOvQ=w408-h544-k-no
https://www.google.com/maps/place/%E6%AD%90%E6%96%AF%E5%AF%B5%E7%89%A9%E6%B2%99%E9%BE%8D+%EF%BC%88%E9%A0%90%E7%B4%84%E5%88%B6%EF%BC%89/data=!4m7!3m6!1s0x34691746d2fc7b21:0xb093c7e18bfeb87a!8m2!3d24.1690688!4d120.6610307!16s%2Fg%2F11mvlnxrpz!19sChIJIXv80kYXaTQRerj-i-HHk7A?authuser=0&hl=zh-TW&rclk=1,https://lh3.googleusercontent.com/gps-cs-s/AG0ilSwPXeYzKvY4XRP-C4eGUq4Ju6edLN2YFD7AM6wOt_f3fywgo19PCKycDnscAROneVToi7osI7kSMYloIbcnrWEEfbq_uX2gJaKmrgZCPmB38DIXF-JKEzbh6NNFrg1wnQabjuPKZQ=w408-h544-k-no
https://www.google.com/maps/place/%E6%84%9B%E7%BE%8E%E7%8B%97%E5%AF%B5%E7%89%A9%E7%BE%8E%E5%AE%B9%E9%A4%A8%E6%BC%A2%E5%8F%A3%E5%BA%97/data=!4m7!3m6!1s0x34693d304ed6de53:0xf448aac1f60c3fe9!8m2!3d24.1641499!4d120.6609684!16s%2Fg%2F11rwlhfrhy!19sChIJU97WTjA9aTQR6T8M9sGqSPQ?authuser=0&hl=zh-TW&rclk=1,https://lh3.googleusercontent.com/p/AF1QipNOwYFXbu8B21redIUgmZAWzkPb9cdasRyCTkqY=w408-h543-k-no
https://www.google.com/maps/place/%E5%A5%87%E8%AB%BE%E5%AF%B5%E7%89%A9%E7%BE%8E%E5%AE%B9%E5%BA%97/data=!4m7!3m6!1s0x346917d357016293:0xf2fa9308d95718bf!8m2!3d24.1718857!4d120.6666017!16s%2Fg%2F1pzphlb_r!19sChIJk2IBV9MXaTQRvxhX2QiT-vI?authuser=0&hl=zh-TW&rclk=1,https://lh3.googleusercontent.com/gps-cs-s/AG0ilSy38yeTO3tEcKtczFIvVSlfRdcDtFNTvdIPuFbx97G0fuD166f2hG4Ees8Pz-LynQ_2FMpDV-e0S8tQYT7I3piLlp79XFk7jJ7w04NRaV3Xr0Ku6pTOfAjlgSqdxpoEs3iBOdov=w426-h240-k-no
https://www.google.com/maps/place/Pet+Station+%E5%AF%B5%E7%89%A9%E7%BE%8E%E5%AE%B9/data=!4m7!3m6!1s0x34691620a5f1b79b:0x3ef99eaf8771b25!8m2!3d24.17093!4d120.64795!16s%2Fg%2F11hbn1sx5b!19sChIJm7fxpSAWaTQRJRt3-OqZ7wM?authuser=0&hl=zh-TW&rclk=1,https://lh3.googleusercontent.com/p/AF1QipPtDlQ9X7HYrwbjfMx8rTT3035CsfOyPG8T2ZfZ=w426-h240-k-no
https://www.google.com/maps/place/%E4%B8%8A%E6%8F%9A%E5%AF%B5%E7%89%A9%E7%B2%BE%E7%B7%BB%E7%BE%8E%E5%AE%B9%E5%B1%8B/data=!4m7!3m6!1s0x34693d867d948235:0x349f51a154c0d603!8m2!3d24.1634067!4d120.6572723!16s%2Fg%2F11g9ndblcs!19sChIJNYKUfYY9aTQRA9bAVKFRnzQ?authuser=0&hl=zh-TW&rclk=1,https://lh3.googleusercontent.com/gps-cs-s/AG0ilSzFYdTX3wJYBRreozdFTGs4WSLv4WjN2X06NdMJDRpltC1rEPPtxaRk4zv1LBcsk_e1FvautFx-GsLjJbwdNB33LXzC4sBsnBh_umW8xrme3XXs6MNVQRVq4wJ3AIROIqkqOuVX=w408-h544-k-no
